Depth,Age,d18O,Ref,,Depth,Age,UK37,Ref,,Depth,Age,MgCa,Ref
0.01,6,-1.47,Clemens1991,,0.04,7.11,0.938,Herbert2010,,,,,
0.21,8.36,-0.97,,,0.1,7.66,0.936,,,,,,
0.41,10.72,-0.23,,,0.14,8.04,0.94,,,,,,
0.61,13.08,0.17,,,0.34,9.89,0.91,,,,,,
0.81,15.44,0.17,,,0.39,10.36,0.91,,,,,,
1.01,17.8,0.43,,,0.46,11,0.925,,,,,,
1.21,21.9,0.2,,,0.52,11.56,0.897,,,,,,
1.41,26.01,0.49,,,0.58,12.12,0.882,,,,,,
1.61,30.11,0.23,,,0.64,12.68,0.854,,,,,,
1.81,34.22,-0.06,,,0.7,13.23,0.852,,,,,,
2.01,38.32,-0.08,,,0.76,13.79,0.857,,,,,,
2.21,42.43,-0.01,,,0.82,14.35,0.857,,,,,,
2.41,46.53,-0.22,,,0.88,14.9,0.863,,,,,,
2.61,50.63,-0.44,,,0.94,15.46,0.861,,,,,,
2.81,54.74,0.03,,,0.99,15.92,0.859,,,,,,
3.01,58.84,-0.3,,,1.06,16.57,0.869,,,,,,
3.21,62.95,0.19,,,1.13,17.22,0.878,,,,,,
3.31,65,,,,1.19,17.78,0.873,,,,,,
3.41,68,0.15,,,1.24,18.24,0.865,,,,,,
3.61,74,-0.37,,,1.3,18.8,0.871,,,,,,
3.81,80,-0.53,,,1.36,20.35,0.863,,,,,,
4.01,89.5,-0.41,,,1.42,21.9,0.865,,,,,,
4.21,99,-0.99,,,1.54,24.99,0.867,,,,,,
4.41,108.2,-0.51,,,1.6,26.54,0.878,,,,,,
4.61,117.4,-1.16,,,1.66,27.64,0.889,,,,,,
4.71,122,,,,1.72,28.64,0.892,,,,,,
4.81,123.6,-1.11,,,1.78,29.65,0.891,,,,,,
5.01,126.7,-0.2,,,1.84,30.65,0.889,,,,,,
5.21,129.8,0.26,,,1.9,31.66,0.887,,,,,,
5.54,135,0.43,,,1.96,32.66,0.869,,,,,,
5.71,138,0.05,,,2.02,33.65,0.875,,,,,,
5.91,141.4,0.16,,,2.08,34.55,0.869,,,,,,
6.11,144.9,0.2,,,2.14,35.45,0.863,,,,,,
6.31,148.4,-0.01,,,2.2,36.35,0.863,,,,,,
6.51,151.9,0.15,,,2.26,37.4,0.861,,,,,,
6.71,155.3,-0.12,,,2.32,38.48,0.849,,,,,,
6.91,158.8,0.02,,,2.38,39.56,0.844,,,,,,
7.11,162.3,0.02,,,2.44,40.87,0.823,,,,,,
7.31,165.8,-0.27,,,2.5,42.4,0.841,,,,,,
7.51,169.3,-0.36,,,2.56,43.93,0.854,,,,,,
7.61,171,,,,2.62,45.47,0.859,,,,,,
7.71,173.4,-0.4,,,2.68,47.09,0.864,,,,,,
7.91,178.2,-0.14,,,2.74,48.71,0.86,,,,,,
8.11,183,0.02,,,2.8,50.33,0.857,,,,,,
8.31,191.9,-0.79,,,2.86,51.85,0.86,,,,,,
8.51,200.7,-0.82,,,2.92,53.35,0.862,,,,,,
8.71,209.6,-1.17,,,3.04,56.38,0.855,,,,,,
8.91,218.4,-0.72,,,3.1,57.94,0.856,,,,,,
9.11,222.3,-0.83,,,3.16,59.5,0.852,,,,,,
9.31,226.2,-0.27,,,3.25,62,0.853,,,,,,
9.51,230.2,-0.48,,,3.28,62.9,0.862,,,,,,
9.71,234.1,-0.36,,,3.34,64.7,0.852,,,,,,
9.91,238,-0.79,,,3.4,66.5,0.869,,,,,,
10.11,241.7,-0.37,,,3.46,68.43,0.886,,,,,,
10.31,245.3,-0.11,,,3.52,70.38,0.903,,,,,,
10.51,249,-0.01,,,3.58,72.33,0.911,,,,,,
10.71,252.3,-0.03,,,3.64,74.43,0.915,,,,,,
10.91,255.7,-0.08,,,3.7,76.68,0.913,,,,,,
11.11,259,0.07,,,3.76,78.93,0.933,,,,,,
11.31,262.3,0.07,,,3.82,81.22,0.936,,,,,,
11.51,265.7,0.31,,,3.88,83.71,0.923,,,,,,
11.71,269,0.34,,,3.94,86.2,0.941,,,,,,
11.91,278,-0.29,,,3.99,88.27,0.942,,,,,,
12.11,287,-0.57,,,4.08,91.87,0.944,,,,,,
12.31,293,-0.29,,,4.12,93.45,0.937,,,,,,
12.51,299,-0.17,,,4.18,95.82,0.944,,,,,,
12.71,307,-0.39,,,4.24,98.76,0.945,,,,,,
12.91,315,-0.77,,,4.29,101.68,0.955,,,,,,
13.11,323,-0.68,,,4.36,105.78,0.934,,,,,,
13.31,331,-1.18,,,4.42,109.23,0.949,,,,,,
13.51,333.9,-0.75,,,4.54,115.53,0.951,,,,,,
13.71,336.7,-0.35,,,4.58,117.63,0.964,,,,,,
13.91,339.6,0.11,,,4.66,121.13,0.977,,,,,,
14.01,341,,,,4.72,123.44,0.981,,,,,,
14.11,343.3,0.36,,,4.78,125.75,0.98,,,,,,
14.31,347.8,0.06,,,4.84,127.49,0.978,,,,,,
14.51,352.3,-0.05,,,4.9,128.68,0.979,,,,,,
14.71,356.9,-0.27,,,4.95,129.67,0.959,,,,,,
15.11,365.9,-0.39,,,5.02,131.05,0.939,,,,,,
15.31,370.5,-0.32,,,5.08,132.23,0.932,,,,,,
15.51,375,-0.22,,,5.14,133.42,0.936,,,,,,
15.71,381,-0.36,,,5.18,134.21,0.919,,,,,,
15.91,387,-0.78,,,5.23,135.23,0.909,,,,,,
16.11,393,-0.52,,,5.28,136.31,0.909,,,,,,
16.31,399,-1.21,,,5.54,141.9,0.931,,,,,,
16.51,405,-1.31,,,5.6,143.21,0.922,,,,,,
16.71,423,-0.4,,,5.66,144.51,0.927,,,,,,
16.91,426.7,-0.01,,,5.73,146.03,0.925,,,,,,
17.11,430.3,0.41,,,5.78,147.11,0.924,,,,,,
17.31,434,0.46,,,5.84,148.4,0.912,,,,,,
17.51,438.5,0.31,,,5.9,149.69,0.913,,,,,,
17.71,443,0.43,,,5.96,151,0.931,,,,,,
17.91,447.5,0.32,,,6.02,152.32,0.915,,,,,,
18.11,452,0.17,,,6.08,153.64,0.915,,,,,,
18.31,456.5,-0.03,,,6.14,155.01,0.913,,,,,,
18.51,461,-0.12,,,6.2,156.42,0.891,,,,,,
18.71,466,-0.02,,,6.26,157.83,0.887,,,,,,
18.91,471,0.09,,,6.32,159.24,0.887,,,,,,
19.11,477.7,0.03,,,6.38,160.65,0.882,,,,,,
19.31,484.3,-0.21,,,6.44,162.06,0.885,,,,,,
19.51,491,-0.33,,,6.48,163,0.899,,,,,,
19.71,502,-0.22,,,6.56,164.85,0.902,,,,,,
19.91,513,-0.16,,,6.62,166.23,0.913,,,,,,
20.11,517.4,-0.37,,,6.68,167.61,0.927,,,,,,
20.31,521.8,-0.66,,,6.74,168.95,0.918,,,,,,
20.41,524,,,,6.8,170.24,0.919,,,,,,
20.51,528.7,-0.68,,,6.86,171.53,0.934,,,,,,
20.71,538,-0.26,,,6.92,172.82,0.915,,,,,,
20.91,552,-0.53,,,6.98,174.11,0.91,,,,,,
21.11,563,-0.34,,,7.04,175.4,0.912,,,,,,
21.31,574,-0.59,,,7.1,176.69,0.916,,,,,,
21.51,585,-0.41,,,7.16,177.95,0.917,,,,,,
21.71,596,-1.45,,,7.22,179.21,0.918,,,,,,
21.91,601.2,-0.61,,,7.28,180.47,0.918,,,,,,
22.11,606.5,-0.37,,,7.34,181.73,0.919,,,,,,
22.31,611.7,-0.42,,,7.4,182.99,0.92,,,,,,
22.51,617,-0.76,,,7.46,184.25,0.934,,,,,,
22.71,622.5,-0.49,,,7.52,185.5,0.907,,,,,,
22.91,628,0.48,,,7.58,186.7,0.924,,,,,,
23.11,632,0.32,,,7.64,187.9,0.921,,,,,,
23.31,636,0.3,,,7.69,188.9,0.917,,,,,,
23.51,640,0.25,,,7.76,190.3,0.931,,,,,,
23.71,644,-0.02,,,7.82,191.5,0.935,,,,,,
23.91,648,0.03,,,7.88,192.7,0.939,,,,,,
24.11,652,0.06,,,7.94,193.9,0.954,,,,,,
24.31,656,0.11,,,8,195.1,0.957,,,,,,
24.51,662.6,-0.22,,,8.06,196.3,0.962,,,,,,
24.71,669.2,-0.16,,,8.13,197.69,0.966,,,,,,
24.91,675.8,-0.24,,,8.18,198.67,0.961,,,,,,
25.11,682.4,-0.62,,,8.24,199.84,0.94,,,,,,
25.31,689,-0.87,,,8.29,200.81,0.952,,,,,,
25.51,692.7,-0.38,,,8.36,202.18,0.956,,,,,,
25.71,696.3,0.16,,,8.42,203.35,0.953,,,,,,
25.91,700,0.05,,,8.48,204.52,0.943,,,,,,
26.11,703.5,0.18,,,8.54,205.66,0.931,,,,,,
26.31,707,-0.21,,,8.6,206.77,0.939,,,,,,
26.51,710.5,-0.03,,,8.66,207.88,0.935,,,,,,
26.71,714,-0.43,,,8.73,209.08,0.932,,,,,,
26.91,717.5,0.1,,,8.78,209.78,0.932,,,,,,
27.11,721,-0.25,,,8.84,210.62,0.937,,,,,,
27.31,723.9,-0.06,,,8.9,211.46,0.936,,,,,,
27.51,726.7,-0.4,,,8.96,213.11,0.934,,,,,,
27.71,729.6,-0.54,,,9.02,214.93,0.936,,,,,,
27.81,731,,,,9.08,216.74,0.925,,,,,,
27.91,733.8,-0.51,,,9.14,218.56,0.874,,,,,,
28.11,739.3,-0.28,,,9.2,220.38,0.896,,,,,,
28.31,744.9,-0.03,,,9.26,222.19,0.859,,,,,,
28.51,750.4,0,,,9.32,224.31,0.857,,,,,,
28.71,756,0.11,,,9.38,226.74,0.884,,,,,,
28.91,759.4,0.01,,,9.44,229.17,0.884,,,,,,
29.11,762.8,-0.54,,,9.5,231.6,0.912,,,,,,
29.31,766.2,-0.52,,,9.56,234.03,0.924,,,,,,
29.51,769.7,-0.61,,,9.62,236.45,0.936,,,,,,
29.71,773.1,-0.88,,,9.68,238.88,0.951,,,,,,
29.91,776.5,-0.47,,,9.74,241.31,0.954,,,,,,
30.11,779.9,-0.97,,,9.8,243.74,0.954,,,,,,
30.31,783.3,-0.94,,,9.86,246.16,0.956,,,,,,
30.51,786.7,-0.87,,,9.92,248.59,0.956,,,,,,
30.71,790.2,-0.3,,,9.98,251.02,0.963,,,,,,
30.91,793.6,0.13,,,10.04,253.45,0.966,,,,,,
31.11,797,0.19,,,10.1,255.88,0.936,,,,,,
31.31,799.6,0.18,,,10.16,258.3,0.929,,,,,,
31.51,802.1,0.04,,,10.22,260.73,0.923,,,,,,
31.71,804.7,0.13,,,10.28,263.16,0.933,,,,,,
31.91,807.2,0.01,,,10.34,265.59,0.89,,,,,,
32.11,809.8,0.03,,,10.4,267.35,0.873,,,,,,
32.31,812.4,0.12,,,10.46,269.12,0.873,,,,,,
32.51,814.9,-0.02,,,10.54,271.47,0.867,,,,,,
32.71,817.5,-0.45,,,10.58,272.65,0.86,,,,,,
32.91,828.7,-0.03,,,10.64,274.41,0.859,,,,,,
33.11,839.9,0.21,,,10.7,276.18,0.853,,,,,,
33.31,843.9,0,,,10.76,277.94,0.861,,,,,,
33.51,847.9,-0.05,,,10.82,279.71,0.868,,,,,,
33.71,851.9,-0.18,,,10.88,281.47,0.869,,,,,,
33.91,855.9,-0.75,,,10.94,283.24,0.874,,,,,,
34.11,859.9,-0.57,,,11,285,0.882,,,,,,
34.31,864.7,-0.44,,,11.06,286.22,0.876,,,,,,
34.51,870.3,-0.6,,,11.12,287.44,0.854,,,,,,
34.71,875.8,-0.09,,,11.18,288.66,0.866,,,,,,
34.91,881.4,-0.11,,,11.24,289.87,0.857,,,,,,
35.11,884.4,-0.2,,,11.3,291.09,0.832,,,,,,
35.31,887.4,-0.77,,,11.36,292.31,0.851,,,,,,
35.51,890.4,-0.69,,,11.42,293.53,0.843,,,,,,
35.71,893.5,-0.67,,,11.48,294.75,0.855,,,,,,
35.91,896.5,-0.57,,,11.54,295.97,0.847,,,,,,
36.11,899.5,-0.41,,,11.6,297.19,0.865,,,,,,
36.51,909.3,-1.18,,,11.66,298.4,0.858,,,,,,
36.71,914.2,-0.61,,,11.72,299.62,0.861,,,,,,
36.91,919.1,-0.53,,,11.78,300.84,0.859,,,,,,
37.11,925.3,-0.45,,,11.84,302.06,0.868,,,,,,
37.31,932.8,-0.69,,,11.9,303.28,0.896,,,,,,
37.51,940.3,-1.22,,,11.96,304.5,0.911,,,,,,
37.71,947.8,-0.82,,,12.02,305.71,0.917,,,,,,
37.91,954.3,-1.11,,,12.08,306.93,0.93,,,,,,
38.11,960.8,-0.64,,,12.14,308.15,0.932,,,,,,
38.31,967.3,-0.69,,,12.2,309.19,0.888,,,,,,
38.51,973.1,-0.86,,,12.26,310.23,0.892,,,,,,
38.71,978.2,-0.63,,,12.32,311.24,0.899,,,,,,
39.11,988.4,-1.32,,,12.38,312.14,0.882,,,,,,
39.31,990.6,-0.77,,,12.44,313.03,0.886,,,,,,
39.51,992.9,-0.63,,,12.5,313.93,0.909,,,,,,
39.71,995.1,-0.4,,,12.56,314.83,0.903,,,,,,
39.91,997.3,-0.4,,,12.62,315.72,0.916,,,,,,
40.11,999.5,-0.48,,,12.68,316.62,0.932,,,,,,
40.31,1002,-0.28,,,12.74,317.52,0.91,,,,,,
40.51,1004,-0.05,,,12.8,318.43,0.919,,,,,,
,,,,,12.86,319.34,0.927,,,,,,
,,,,,12.92,320.25,0.937,,,,,,
,,,,,12.98,321.15,0.947,,,,,,
,,,,,13.04,322.05,0.946,,,,,,
,,,,,13.1,322.95,0.936,,,,,,
,,,,,13.16,323.88,0.948,,,,,,
,,,,,13.22,324.81,0.949,,,,,,
,,,,,13.28,325.74,0.955,,,,,,
,,,,,13.34,326.68,0.962,,,,,,
,,,,,13.4,327.64,0.968,,,,,,
,,,,,13.46,328.6,0.973,,,,,,
,,,,,13.52,329.57,0.951,,,,,,
,,,,,13.58,330.57,0.944,,,,,,
,,,,,13.64,331.58,0.929,,,,,,
,,,,,13.7,332.58,0.912,,,,,,
,,,,,13.76,333.59,0.898,,,,,,
,,,,,13.82,334.59,0.891,,,,,,
,,,,,13.88,335.6,0.886,,,,,,
,,,,,13.94,336.72,0.882,,,,,,
,,,,,14,337.95,0.899,,,,,,
,,,,,14.06,339.18,0.872,,,,,,
,,,,,14.13,340.61,0.906,,,,,,
,,,,,14.18,341.64,0.885,,,,,,
,,,,,14.24,342.87,0.887,,,,,,
,,,,,14.3,344.1,0.887,,,,,,
,,,,,14.36,345.4,0.886,,,,,,
,,,,,14.42,346.72,0.891,,,,,,
,,,,,14.48,348.04,0.888,,,,,,
,,,,,14.54,349.42,0.89,,,,,,
,,,,,14.6,350.86,0.892,,,,,,
,,,,,14.66,352.3,0.873,,,,,,
,,,,,14.72,353.78,0.858,,,,,,
,,,,,14.78,355.46,0.862,,,,,,
,,,,,14.84,357.14,0.851,,,,,,
,,,,,15.24,367.94,0.872,,,,,,
,,,,,15.3,369.56,0.873,,,,,,
,,,,,15.36,371.18,0.876,,,,,,
,,,,,15.42,372.8,0.881,,,,,,
,,,,,15.48,374.42,0.873,,,,,,
,,,,,15.54,376.04,0.882,,,,,,
,,,,,15.6,377.66,0.906,,,,,,
,,,,,15.66,379.28,0.895,,,,,,
,,,,,15.72,380.9,0.897,,,,,,
,,,,,15.78,382.52,0.919,,,,,,
,,,,,15.84,384.14,0.932,,,,,,
,,,,,15.9,385.76,0.938,,,,,,
,,,,,15.96,387.38,0.948,,,,,,
,,,,,16.02,389,0.939,,,,,,
,,,,,16.08,391.22,0.95,,,,,,
,,,,,16.14,393.44,0.946,,,,,,
,,,,,16.2,395.66,0.92,,,,,,
,,,,,16.26,397.89,0.919,,,,,,
,,,,,16.32,400.11,0.945,,,,,,
,,,,,16.38,402.33,0.956,,,,,,
,,,,,16.44,404.55,0.965,,,,,,
,,,,,16.5,406.77,0.953,,,,,,
,,,,,16.56,408.99,0.973,,,,,,
,,,,,16.62,411.22,0.971,,,,,,
,,,,,16.66,412.08,0.962,,,,,,
,,,,,16.74,413.8,0.961,,,,,,
,,,,,16.8,415.09,0.953,,,,,,
,,,,,16.86,416.25,0.948,,,,,,
,,,,,16.92,417.39,0.949,,,,,,
,,,,,16.98,418.53,0.945,,,,,,
,,,,,17.04,419.76,0.873,,,,,,
,,,,,17.1,421.08,0.876,,,,,,
,,,,,17.16,422.4,0.878,,,,,,
,,,,,17.22,423.72,0.869,,,,,,
,,,,,17.28,425.04,0.86,,,,,,
,,,,,17.34,426.36,0.857,,,,,,
,,,,,17.4,427.68,0.859,,,,,,
,,,,,17.46,429.18,0.87,,,,,,
,,,,,17.52,430.71,0.848,,,,,,
,,,,,17.58,432.24,0.861,,,,,,
,,,,,17.64,433.69,0.877,,,,,,
,,,,,17.7,435.07,0.88,,,,,,
,,,,,17.76,436.45,0.871,,,,,,
,,,,,17.84,438.29,0.868,,,,,,
,,,,,17.88,439.21,0.876,,,,,,
,,,,,17.94,440.59,0.858,,,,,,
,,,,,18,441.97,0.865,,,,,,
,,,,,18.06,443.38,0.864,,,,,,
,,,,,18.12,444.79,0.857,,,,,,
,,,,,18.18,446.2,0.863,,,,,,
,,,,,18.24,447.64,0.864,,,,,,
,,,,,18.3,449.11,0.876,,,,,,
,,,,,18.36,450.58,0.894,,,,,,
,,,,,18.42,451.98,0.906,,,,,,
,,,,,18.48,453.06,0.892,,,,,,
,,,,,18.54,454.14,0.89,,,,,,
,,,,,18.6,455.22,0.872,,,,,,
,,,,,18.66,456.23,0.895,,,,,,
,,,,,18.72,457.22,0.904,,,,,,
,,,,,18.78,458.21,0.909,,,,,,
,,,,,18.84,459.2,0.889,,,,,,
,,,,,18.9,460.19,0.867,,,,,,
,,,,,18.96,461.18,0.876,,,,,,
,,,,,19.03,462.31,0.886,,,,,,
,,,,,19.08,463.09,0.883,,,,,,
,,,,,19.14,464.02,0.898,,,,,,
,,,,,19.2,464.95,0.912,,,,,,
,,,,,19.26,465.85,0.881,,,,,,
,,,,,19.32,466.75,0.862,,,,,,
,,,,,19.44,468.69,0.878,,,,,,
,,,,,19.5,469.86,0.883,,,,,,
,,,,,19.56,471.03,0.9,,,,,,
,,,,,19.62,472.25,0.916,,,,,,
,,,,,19.68,473.75,0.909,,,,,,
,,,,,19.74,475.25,0.89,,,,,,
,,,,,19.8,476.75,0.873,,,,,,
,,,,,19.86,478.36,0.89,,,,,,
,,,,,19.92,479.99,0.908,,,,,,
,,,,,19.98,481.62,0.913,,,,,,
,,,,,20.04,483.51,0.935,,,,,,
,,,,,20.1,485.66,0.946,,,,,,
,,,,,20.16,487.81,0.945,,,,,,
,,,,,20.22,490,0.952,,,,,,
,,,,,20.28,492.34,0.952,,,,,,
,,,,,20.34,494.68,0.958,,,,,,
,,,,,20.4,497.02,0.946,,,,,,
,,,,,20.46,499.66,0.944,,,,,,
,,,,,20.52,502.36,0.941,,,,,,
,,,,,20.58,505.06,0.933,,,,,,
,,,,,20.64,507.62,0.93,,,,,,
,,,,,20.7,510.03,0.925,,,,,,
,,,,,20.76,512.45,0.926,,,,,,
,,,,,20.82,514.87,0.922,,,,,,
,,,,,20.88,517.28,0.928,,,,,,
,,,,,20.94,519.7,0.926,,,,,,
,,,,,21,525.08,0.91,,,,,,
,,,,,21.06,531.06,0.906,,,,,,
,,,,,21.12,537.03,0.893,,,,,,
,,,,,21.18,543.01,0.907,,,,,,
,,,,,21.24,548.57,0.907,,,,,,
,,,,,21.3,553.7,0.923,,,,,,
,,,,,21.36,558.83,0.929,,,,,,
,,,,,21.42,563.59,0.946,,,,,,
,,,,,21.48,566.53,0.941,,,,,,
,,,,,21.54,569.47,0.959,,,,,,
,,,,,21.6,572.41,0.932,,,,,,
,,,,,21.66,574.85,0.934,,,,,,
,,,,,21.72,577.29,0.939,,,,,,
,,,,,21.78,579.73,0.948,,,,,,
,,,,,21.86,582.99,0.954,,,,,,
,,,,,21.9,584.62,0.932,,,,,,
,,,,,21.96,587.06,0.921,,,,,,
,,,,,22.03,589.91,0.927,,,,,,
,,,,,22.08,591.94,0.941,,,,,,
,,,,,22.14,594.38,0.937,,,,,,
,,,,,22.2,596.82,0.94,,,,,,
,,,,,22.26,599.26,0.952,,,,,,
,,,,,22.32,601.71,0.965,,,,,,
,,,,,22.38,604.15,0.949,,,,,,
,,,,,22.44,606.59,0.961,,,,,,
,,,,,22.5,609.03,0.958,,,,,,
,,,,,22.56,611.47,0.954,,,,,,
,,,,,22.62,613.91,0.957,,,,,,
,,,,,22.68,616.35,0.963,,,,,,
,,,,,22.74,618.79,0.963,,,,,,
,,,,,22.8,621.24,0.97,,,,,,
,,,,,22.86,623.68,0.916,,,,,,
,,,,,22.92,626.12,0.912,,,,,,
,,,,,22.98,628.56,0.903,,,,,,
,,,,,23.04,631,0.883,,,,,,
,,,,,23.1,632.72,0.889,,,,,,
,,,,,23.16,634.44,0.897,,,,,,
,,,,,23.22,636.16,0.903,,,,,,
,,,,,23.28,637.88,0.914,,,,,,
,,,,,23.34,639.6,0.896,,,,,,
,,,,,23.4,641.32,0.904,,,,,,
,,,,,23.46,643.05,0.91,,,,,,
,,,,,23.52,644.77,0.907,,,,,,
,,,,,23.58,646.49,0.918,,,,,,
,,,,,23.64,648.21,0.916,,,,,,
,,,,,23.7,649.93,0.923,,,,,,
,,,,,23.76,651.65,0.93,,,,,,
,,,,,23.83,653.66,0.921,,,,,,
,,,,,23.88,655.09,0.927,,,,,,
,,,,,23.94,656.81,0.92,,,,,,
,,,,,24,658.53,0.926,,,,,,
,,,,,24.06,660.25,0.922,,,,,,
,,,,,24.12,661.97,0.911,,,,,,
,,,,,24.18,663.69,0.923,,,,,,
,,,,,24.24,665.41,0.925,,,,,,
,,,,,24.3,667.14,0.923,,,,,,
,,,,,24.36,668.86,0.924,,,,,,
,,,,,24.42,670.58,0.936,,,,,,
,,,,,24.48,672.3,0.904,,,,,,
,,,,,24.54,674.02,0.915,,,,,,
,,,,,24.6,675.74,0.926,,,,,,
,,,,,24.66,677.46,0.932,,,,,,
,,,,,24.72,679.18,0.938,,,,,,
,,,,,24.78,680.9,0.94,,,,,,
,,,,,24.84,682.62,0.934,,,,,,
,,,,,24.9,684.34,0.917,,,,,,
,,,,,24.99,686.92,0.93,,,,,,
,,,,,25.05,688.64,0.945,,,,,,
,,,,,25.11,690.36,0.944,,,,,,
,,,,,25.17,692.09,0.945,,,,,,
,,,,,25.23,693.81,0.957,,,,,,
,,,,,25.29,695.53,0.953,,,,,,
,,,,,25.35,697.25,0.953,,,,,,
,,,,,25.41,698.97,0.955,,,,,,
,,,,,25.47,700.69,0.955,,,,,,
,,,,,25.53,702.41,0.956,,,,,,
,,,,,25.59,706.06,0.956,,,,,,
,,,,,25.65,708.37,0.957,,,,,,
,,,,,25.71,710.68,0.961,,,,,,
,,,,,25.77,712.79,0.964,,,,,,
,,,,,25.83,713.93,0.956,,,,,,
,,,,,25.89,715.07,0.903,,,,,,
,,,,,25.95,716.21,0.894,,,,,,
,,,,,26.01,717.23,0.888,,,,,,
,,,,,26.08,718.38,0.888,,,,,,
,,,,,26.13,719.21,0.88,,,,,,
,,,,,26.19,720.2,0.89,,,,,,
,,,,,26.25,721.19,0.898,,,,,,
,,,,,26.31,722.18,0.924,,,,,,
,,,,,26.37,723.36,0.93,,,,,,
,,,,,26.43,725.49,0.926,,,,,,
,,,,,26.49,727.62,0.921,,,,,,
,,,,,26.55,729.75,0.916,,,,,,
,,,,,26.61,732.25,0.926,,,,,,
,,,,,26.67,734.83,0.926,,,,,,
,,,,,26.73,737.41,0.931,,,,,,
,,,,,26.79,739.75,0.918,,,,,,
,,,,,26.85,741.85,0.931,,,,,,
,,,,,26.91,743.95,0.927,,,,,,
,,,,,26.97,745.92,0.932,,,,,,
,,,,,27.03,747.22,0.927,,,,,,
,,,,,27.09,748.52,0.92,,,,,,
,,,,,27.14,749.61,0.892,,,,,,
,,,,,27.21,751.04,0.885,,,,,,
,,,,,27.27,752.24,0.887,,,,,,
,,,,,27.33,753.44,0.883,,,,,,
,,,,,27.39,754.96,0.869,,,,,,
,,,,,27.45,756.81,0.87,,,,,,
,,,,,27.51,758.66,0.876,,,,,,
,,,,,27.57,760.51,0.903,,,,,,
,,,,,27.63,762.35,0.922,,,,,,
,,,,,27.69,764.2,0.93,,,,,,
,,,,,27.75,766.05,0.935,,,,,,
,,,,,27.81,767.9,0.943,,,,,,
,,,,,27.87,769.34,0.926,,,,,,
,,,,,27.93,770.79,0.934,,,,,,
,,,,,28,772.47,0.946,,,,,,
,,,,,28.05,773.67,0.964,,,,,,
,,,,,28.11,775.12,0.951,,,,,,
,,,,,28.17,776.59,0.946,,,,,,
,,,,,28.23,778.2,0.95,,,,,,
,,,,,28.29,779.81,0.96,,,,,,
,,,,,28.35,781.42,0.961,,,,,,
,,,,,28.41,782.94,0.954,,,,,,
,,,,,28.47,784.44,0.924,,,,,,
,,,,,28.53,785.95,0.895,,,,,,
,,,,,28.59,787.45,0.888,,,,,,
,,,,,28.65,788.95,0.874,,,,,,
,,,,,28.71,790.45,0.87,,,,,,
,,,,,28.77,792.01,0.88,,,,,,
,,,,,28.83,793.84,0.853,,,,,,
,,,,,28.89,795.67,0.855,,,,,,
,,,,,28.94,797.19,0.864,,,,,,
,,,,,29.01,799.9,0.864,,,,,,
,,,,,29.07,802.42,0.854,,,,,,
,,,,,29.13,804.94,0.877,,,,,,
,,,,,29.19,807.31,0.874,,,,,,
,,,,,29.25,809.53,0.875,,,,,,
,,,,,29.31,811.75,0.912,,,,,,
,,,,,29.37,813.86,0.922,,,,,,
,,,,,29.43,815.42,0.934,,,,,,
,,,,,29.49,816.98,0.935,,,,,,
,,,,,29.55,818.54,0.935,,,,,,
,,,,,29.61,820.23,0.943,,,,,,
,,,,,29.67,821.94,0.951,,,,,,
,,,,,29.73,823.65,0.956,,,,,,
,,,,,29.79,825.45,0.952,,,,,,
,,,,,29.85,827.34,0.955,,,,,,
,,,,,29.91,829.23,0.932,,,,,,
,,,,,29.97,831.1,0.939,,,,,,
,,,,,30.03,832.9,0.938,,,,,,
,,,,,30.09,834.7,0.918,,,,,,
,,,,,30.15,836.5,0.917,,,,,,
,,,,,30.21,838.08,0.925,,,,,,
,,,,,30.27,839.61,0.933,,,,,,
,,,,,30.33,841.14,0.92,,,,,,
,,,,,30.39,842.67,0.943,,,,,,
,,,,,30.45,844.2,0.961,,,,,,
,,,,,30.51,846.52,0.966,,,,,,
,,,,,30.57,848.85,0.944,,,,,,
,,,,,30.63,851.17,0.94,,,,,,
,,,,,30.69,853.49,0.94,,,,,,
,,,,,30.75,855.81,0.959,,,,,,
,,,,,30.81,857.78,0.963,,,,,,
,,,,,30.87,859.67,0.969,,,,,,
,,,,,30.93,861.56,0.963,,,,,,
,,,,,30.99,863.34,0.956,,,,,,
,,,,,31.05,865.02,0.92,,,,,,
,,,,,31.11,866.7,0.892,,,,,,
,,,,,31.17,868.35,0.882,,,,,,
,,,,,31.23,869.85,0.874,,,,,,
,,,,,31.29,871.35,0.856,,,,,,
,,,,,31.35,872.85,0.864,,,,,,
,,,,,31.41,874.33,0.875,,,,,,
,,,,,31.47,875.8,0.863,,,,,,
,,,,,31.53,877.27,0.87,,,,,,
,,,,,31.59,878.71,0.866,,,,,,
,,,,,31.65,880.12,0.866,,,,,,
,,,,,31.71,881.53,0.865,,,,,,
,,,,,31.77,882.92,0.865,,,,,,
,,,,,31.83,884.21,0.862,,,,,,
,,,,,31.89,885.5,0.856,,,,,,
,,,,,31.95,886.79,0.864,,,,,,
,,,,,32.01,888.05,0.826,,,,,,
,,,,,32.07,889.31,0.845,,,,,,
,,,,,32.13,890.57,0.829,,,,,,
,,,,,32.19,891.86,0.833,,,,,,
,,,,,32.25,893.18,0.843,,,,,,
,,,,,32.31,894.5,0.857,,,,,,
,,,,,32.37,895.84,0.857,,,,,,
,,,,,32.43,897.25,0.865,,,,,,
,,,,,32.49,898.66,0.885,,,,,,
,,,,,32.55,900.07,0.887,,,,,,
,,,,,32.61,901.53,0.899,,,,,,
,,,,,32.67,903,0.91,,,,,,
,,,,,32.73,904.47,0.916,,,,,,
,,,,,32.79,905.94,0.913,,,,,,
,,,,,32.85,907.41,0.908,,,,,,
,,,,,32.91,908.88,0.904,,,,,,
,,,,,32.98,910.55,0.917,,,,,,
,,,,,33.03,911.68,0.917,,,,,,
,,,,,33.09,913.03,0.917,,,,,,
,,,,,33.15,914.38,0.913,,,,,,
,,,,,33.21,915.55,0.838,,,,,,
,,,,,33.27,916.69,0.817,,,,,,
,,,,,33.33,917.83,0.838,,,,,,
,,,,,33.39,918.85,0.823,,,,,,
,,,,,33.45,919.75,0.854,,,,,,
,,,,,33.51,920.65,0.856,,,,,,
,,,,,33.57,921.55,0.861,,,,,,
,,,,,33.63,922.45,0.884,,,,,,
,,,,,33.69,923.35,0.883,,,,,,
,,,,,33.75,924.25,0.895,,,,,,
,,,,,33.81,925.18,0.911,,,,,,
,,,,,33.87,926.11,0.929,,,,,,
,,,,,33.93,927.04,0.909,,,,,,
,,,,,33.99,928.18,0.903,,,,,,
,,,,,34.05,929.53,0.913,,,,,,
,,,,,34.11,930.88,0.907,,,,,,
,,,,,34.17,932.36,0.903,,,,,,
,,,,,34.23,934.49,0.914,,,,,,
,,,,,34.29,936.62,0.911,,,,,,
,,,,,34.35,938.75,0.916,,,,,,
,,,,,34.41,941.63,0.922,,,,,,
,,,,,34.47,944.66,0.919,,,,,,
,,,,,34.53,947.69,0.938,,,,,,
,,,,,34.59,950.48,0.95,,,,,,
,,,,,34.65,953.03,0.952,,,,,,
,,,,,34.71,955.58,0.94,,,,,,
,,,,,34.77,957.86,0.943,,,,,,
,,,,,34.83,958.82,0.975,,,,,,
,,,,,34.89,959.78,0.973,,,,,,
,,,,,34.95,960.74,0.922,,,,,,
,,,,,35.01,961.6,0.938,,,,,,
,,,,,35.07,962.44,0.908,,,,,,
,,,,,35.13,963.28,0.896,,,,,,
,,,,,35.19,964.11,0.892,,,,,,
,,,,,35.25,964.92,0.91,,,,,,
,,,,,35.31,965.73,0.919,,,,,,
,,,,,35.37,966.55,0.925,,,,,,
,,,,,35.43,967.42,0.932,,,,,,
,,,,,35.49,968.29,0.93,,,,,,
,,,,,35.54,969.01,0.934,,,,,,
,,,,,35.61,970.3,0.934,,,,,,
,,,,,35.67,971.5,0.934,,,,,,
,,,,,35.73,972.7,0.924,,,,,,
,,,,,35.79,974.07,0.937,,,,,,
,,,,,35.85,975.6,0.958,,,,,,
,,,,,35.91,977.13,0.953,,,,,,
,,,,,35.97,978.68,0.95,,,,,,
,,,,,36.03,980.33,0.928,,,,,,
,,,,,36.09,981.98,0.919,,,,,,
,,,,,36.15,983.63,0.921,,,,,,
,,,,,36.21,985.25,0.928,,,,,,
,,,,,36.27,986.87,0.893,,,,,,
,,,,,36.33,988.49,0.915,,,,,,
,,,,,36.39,990.1,0.916,,,,,,
,,,,,36.45,991.69,0.91,,,,,,
,,,,,36.51,993.28,0.91,,,,,,
,,,,,36.57,994.85,0.911,,,,,,
,,,,,36.63,996.32,0.923,,,,,,
,,,,,36.69,997.79,0.935,,,,,,
,,,,,36.74,999.01,0.944,,,,,,
,,,,,36.81,1000.55,0.951,,,,,,
,,,,,36.87,1001.81,0.945,,,,,,
,,,,,36.93,1003.07,0.941,,,,,,
,,,,,36.99,1004.33,0.929,,,,,,
,,,,,37.05,1005.59,0.916,,,,,,
,,,,,37.11,1006.85,0.91,,,,,,
,,,,,37.17,1008.13,0.91,,,,,,
,,,,,37.23,1009.48,0.913,,,,,,
,,,,,37.29,1010.83,0.923,,,,,,
,,,,,37.34,1011.95,0.92,,,,,,
,,,,,37.41,1013.7,0.928,,,,,,
,,,,,37.47,1015.26,0.94,,,,,,
,,,,,37.53,1016.82,0.93,,,,,,
,,,,,37.59,1018.64,0.931,,,,,,
,,,,,37.65,1020.71,0.928,,,,,,
,,,,,37.71,1022.78,0.946,,,,,,
,,,,,37.77,1024.84,0.946,,,,,,
,,,,,37.83,1026.85,0.95,,,,,,
,,,,,37.89,1028.86,0.95,,,,,,
,,,,,37.95,1030.87,0.938,,,,,,
,,,,,38.01,1032.6,0.924,,,,,,
,,,,,38.07,1034.28,0.922,,,,,,
,,,,,38.13,1035.96,0.919,,,,,,
,,,,,38.19,1037.72,0.914,,,,,,
,,,,,38.25,1039.55,0.915,,,,,,
,,,,,38.31,1041.38,0.92,,,,,,
,,,,,38.37,1043.2,0.919,,,,,,
,,,,,38.43,1044.97,0.915,,,,,,
,,,,,38.49,1046.74,0.9,,,,,,
,,,,,38.55,1048.51,0.902,,,,,,
,,,,,38.61,1050.3,0.894,,,,,,
,,,,,38.67,1052.1,0.889,,,,,,
,,,,,38.73,1053.9,0.902,,,,,,
,,,,,38.79,1055.73,0.895,,,,,,
,,,,,38.85,1057.59,0.903,,,,,,
,,,,,38.91,1059.45,0.915,,,,,,
,,,,,38.97,1061.28,0.933,,,,,,
,,,,,39.03,1062.93,0.941,,,,,,
,,,,,39.09,1064.58,0.95,,,,,,
,,,,,39.15,1066.23,0.95,,,,,,
,,,,,39.21,1068.5,0.953,,,,,,
,,,,,39.27,1070.9,0.97,,,,,,
,,,,,39.33,1073.3,0.971,,,,,,
,,,,,39.39,1075.78,0.959,,,,,,
,,,,,39.45,1078.33,0.949,,,,,,
,,,,,39.51,1080.88,0.946,,,,,,
,,,,,39.57,1083.43,0.95,,,,,,
,,,,,39.63,1086.01,0.947,,,,,,
,,,,,39.69,1088.59,0.946,,,,,,
,,,,,39.75,1091.17,0.942,,,,,,
,,,,,39.81,1093.35,0.931,,,,,,
,,,,,39.87,1095.45,0.93,,,,,,
,,,,,39.93,1097.55,0.928,,,,,,
,,,,,39.99,1099.42,0.924,,,,,,
,,,,,40.05,1101.07,0.944,,,,,,
,,,,,40.11,1102.72,0.944,,,,,,
,,,,,40.17,1104.37,0.952,,,,,,
,,,,,40.23,1106.02,0.962,,,,,,
,,,,,40.35,1109.31,0.959,,,,,,
,,,,,40.41,1110.96,0.957,,,,,,
,,,,,40.47,1112.61,0.934,,,,,,
,,,,,40.53,1114.26,0.931,,,,,,
,,,,,40.59,1115.91,0.918,,,,,,
,,,,,40.65,1117.56,0.916,,,,,,
,,,,,40.71,1119.2,0.892,,,,,,
,,,,,40.77,1120.85,0.886,,,,,,
,,,,,40.83,1122.5,0.884,,,,,,
,,,,,40.89,1127.98,0.922,,,,,,
,,,,,40.95,1133.47,0.904,,,,,,
,,,,,41.01,1137.45,0.921,,,,,,
,,,,,41.07,1141.13,0.928,,,,,,
,,,,,41.13,1144.8,0.947,,,,,,
,,,,,41.19,1148.48,0.957,,,,,,
,,,,,41.25,1152.16,0.944,,,,,,
,,,,,41.31,1155.84,0.938,,,,,,
,,,,,41.37,1159.37,0.949,,,,,,
,,,,,41.43,1162.16,0.95,,,,,,
,,,,,41.49,1164.95,0.936,,,,,,
,,,,,41.55,1167.74,0.957,,,,,,
,,,,,41.61,1169.95,0.959,,,,,,
,,,,,41.67,1172.05,0.957,,,,,,
,,,,,41.73,1174.15,0.952,,,,,,
,,,,,41.79,1175.98,0.954,,,,,,
,,,,,41.85,1177.54,0.954,,,,,,
,,,,,41.91,1179.1,0.961,,,,,,
,,,,,41.97,1180.64,0.972,,,,,,
,,,,,42.03,1182.05,0.974,,,,,,
,,,,,42.09,1183.46,0.974,,,,,,
,,,,,42.15,1184.87,0.967,,,,,,
,,,,,42.21,1186.28,0.966,,,,,,
,,,,,42.27,1187.69,0.967,,,,,,
,,,,,42.33,1189.1,0.965,,,,,,
,,,,,42.39,1190.27,0.961,,,,,,
,,,,,42.45,1191.22,0.956,,,,,,
,,,,,42.51,1192.16,0.959,,,,,,
,,,,,42.57,1193.1,0.968,,,,,,
,,,,,42.63,1194.05,0.969,,,,,,
,,,,,42.69,1194.99,0.947,,,,,,
,,,,,42.75,1195.94,0.949,,,,,,
,,,,,42.81,1196.88,0.945,,,,,,
,,,,,42.87,1197.83,0.925,,,,,,
,,,,,42.93,1198.77,0.924,,,,,,
,,,,,42.99,1199.68,0.924,,,,,,
,,,,,43.05,1200.52,0.928,,,,,,
,,,,,43.11,1201.36,0.93,,,,,,
,,,,,43.17,1202.19,0.938,,,,,,
,,,,,43.23,1203.03,0.927,,,,,,
,,,,,43.29,1203.87,0.93,,,,,,
,,,,,43.35,1204.71,0.928,,,,,,
,,,,,43.41,1205.54,0.924,,,,,,
,,,,,43.47,1206.38,0.943,,,,,,
,,,,,43.53,1207.22,0.952,,,,,,
,,,,,43.59,1208.67,0.95,,,,,,
,,,,,43.65,1210.44,0.935,,,,,,
,,,,,43.71,1212.2,0.934,,,,,,
,,,,,43.77,1213.96,0.927,,,,,,
,,,,,43.82,1215.43,0.929,,,,,,
,,,,,43.88,1217.83,0.927,,,,,,
,,,,,43.94,1221.52,0.93,,,,,,
,,,,,44,1225.21,0.937,,,,,,
,,,,,44.06,1227.06,0.956,,,,,,
,,,,,44.12,1228.9,0.969,,,,,,
,,,,,44.18,1230.75,0.981,,,,,,
,,,,,44.24,1232.6,0.98,,,,,,
,,,,,44.3,1234.45,0.98,,,,,,
,,,,,44.36,1236.3,0.98,,,,,,
,,,,,44.42,1238.15,0.982,,,,,,
,,,,,44.48,1240,0.984,,,,,,
,,,,,44.54,1241.26,0.983,,,,,,
,,,,,44.6,1242.53,0.977,,,,,,
,,,,,44.66,1243.79,0.948,,,,,,
,,,,,44.72,1245.05,0.916,,,,,,
,,,,,44.78,1246.32,0.898,,,,,,
,,,,,44.84,1247.58,0.888,,,,,,
,,,,,44.9,1248.84,0.89,,,,,,
,,,,,44.96,1250.11,0.896,,,,,,
,,,,,45.02,1251.37,0.896,,,,,,
,,,,,45.08,1253.17,0.88,,,,,,
,,,,,45.14,1255.51,0.918,,,,,,
,,,,,45.2,1257.86,0.913,,,,,,
,,,,,45.26,1260.2,0.892,,,,,,
,,,,,45.32,1262.54,0.909,,,,,,
,,,,,45.38,1264.89,0.923,,,,,,
,,,,,45.44,1267.23,0.911,,,,,,
,,,,,45.5,1269.57,0.911,,,,,,
,,,,,45.56,1271.92,0.933,,,,,,
,,,,,45.62,1274.26,0.944,,,,,,
,,,,,45.68,1276.6,0.933,,,,,,
,,,,,45.74,1278.95,0.926,,,,,,
,,,,,45.8,1281.29,0.929,,,,,,
,,,,,45.86,1283.63,0.936,,,,,,
,,,,,45.92,1285.98,0.941,,,,,,
,,,,,45.98,1288.32,0.953,,,,,,
,,,,,46,1289.1,0.944,,,,,,
,,,,,46.06,1290.43,0.937,,,,,,
,,,,,46.12,1291.75,0.933,,,,,,
,,,,,46.18,1293.08,0.924,,,,,,
,,,,,46.24,1294.4,0.933,,,,,,
,,,,,46.3,1295.73,0.92,,,,,,
,,,,,46.36,1297.06,0.922,,,,,,
,,,,,46.42,1298.38,0.94,,,,,,
,,,,,46.48,1299.71,0.935,,,,,,
,,,,,46.54,1301.03,0.936,,,,,,
,,,,,46.6,1302.36,0.933,,,,,,
,,,,,46.66,1303.69,0.943,,,,,,
,,,,,46.72,1305.01,0.947,,,,,,
,,,,,46.78,1306.34,0.946,,,,,,
,,,,,46.84,1307.48,0.942,,,,,,
,,,,,46.9,1308.45,0.952,,,,,,
,,,,,46.96,1309.42,0.957,,,,,,
,,,,,47.02,1310.39,0.948,,,,,,
,,,,,47.08,1311.35,0.95,,,,,,
,,,,,47.14,1312.32,0.958,,,,,,
,,,,,47.19,1313.13,0.962,,,,,,
,,,,,47.26,1314.26,0.964,,,,,,
,,,,,47.32,1315.23,0.962,,,,,,
,,,,,47.38,1316.19,0.962,,,,,,
,,,,,47.44,1317.16,0.954,,,,,,
,,,,,47.5,1318.13,0.946,,,,,,
,,,,,47.56,1319.1,0.94,,,,,,
,,,,,47.62,1320.06,0.941,,,,,,
,,,,,47.68,1321.03,0.94,,,,,,
,,,,,47.74,1322,0.932,,,,,,
,,,,,47.8,1324.67,0.931,,,,,,
,,,,,47.86,1327.33,0.931,,,,,,
,,,,,47.92,1330,0.921,,,,,,
,,,,,47.98,1332.67,0.918,,,,,,
,,,,,48.04,1335.33,0.919,,,,,,
,,,,,48.1,1338,0.918,,,,,,
,,,,,48.16,1340.67,0.918,,,,,,
,,,,,48.22,1343.5,0.925,,,,,,
,,,,,48.28,1346.5,0.959,,,,,,
,,,,,48.34,1349.5,0.963,,,,,,
,,,,,48.4,1352.5,0.973,,,,,,
,,,,,48.46,1355.5,0.968,,,,,,
,,,,,48.52,1358.3,0.98,,,,,,
,,,,,48.58,1360.1,0.973,,,,,,
,,,,,48.64,1361.9,0.974,,,,,,
,,,,,48.7,1363.7,0.975,,,,,,
,,,,,48.76,1365.5,0.973,,,,,,
,,,,,48.82,1367.3,0.971,,,,,,
,,,,,48.88,1369.1,0.948,,,,,,
,,,,,48.94,1370.9,0.931,,,,,,
,,,,,49,1372.7,0.926,,,,,,
,,,,,49.06,1374.5,0.913,,,,,,
,,,,,49.12,1376.3,0.913,,,,,,
,,,,,49.18,1378.1,0.895,,,,,,
,,,,,49.24,1379.9,0.907,,,,,,
,,,,,49.3,1381.7,0.918,,,,,,
,,,,,49.36,1383.5,0.94,,,,,,
,,,,,49.42,1385.38,0.943,,,,,,
,,,,,49.48,1387.69,0.929,,,,,,
,,,,,49.54,1390,0.946,,,,,,
,,,,,49.6,1392.31,0.954,,,,,,
,,,,,49.66,1394.62,0.959,,,,,,
,,,,,49.72,1396.92,0.959,,,,,,
,,,,,49.78,1399.23,0.96,,,,,,
,,,,,49.84,1401.69,0.951,,,,,,
,,,,,49.9,1404.15,0.945,,,,,,
,,,,,49.96,1406.61,0.94,,,,,,
,,,,,50.02,1409.08,0.933,,,,,,
,,,,,50.08,1411.54,0.934,,,,,,
,,,,,50.14,1414,0.941,,,,,,
,,,,,50.2,1416.46,0.949,,,,,,
,,,,,50.26,1418.92,0.941,,,,,,
,,,,,50.32,1421.38,0.94,,,,,,
,,,,,50.38,1423.85,0.945,,,,,,
,,,,,50.44,1426.31,0.964,,,,,,
,,,,,50.5,1428.77,0.977,,,,,,
,,,,,50.56,1431.23,0.985,,,,,,
,,,,,50.62,1433.69,0.979,,,,,,
,,,,,50.68,1436.15,0.975,,,,,,
,,,,,50.74,1438.62,0.973,,,,,,
,,,,,50.8,1441.08,0.978,,,,,,
,,,,,50.86,1443.54,0.98,,,,,,
,,,,,50.92,1446,0.979,,,,,,
,,,,,50.98,1448.55,0.964,,,,,,
,,,,,51.04,1451.1,0.978,,,,,,
,,,,,51.1,1453.66,0.961,,,,,,
,,,,,51.16,1456.21,0.949,,,,,,
,,,,,51.22,1458.76,0.944,,,,,,
,,,,,51.28,1461.31,0.934,,,,,,
,,,,,51.34,1463.86,0.94,,,,,,
,,,,,51.4,1466.41,0.941,,,,,,
,,,,,51.46,1468.97,0.948,,,,,,
,,,,,51.52,1471.52,0.955,,,,,,
,,,,,51.58,1474.07,0.966,,,,,,
,,,,,51.64,1476.62,0.964,,,,,,
,,,,,51.7,1479.17,0.961,,,,,,
,,,,,51.76,1481.72,0.968,,,,,,
,,,,,51.82,1484.28,0.979,,,,,,
,,,,,51.88,1486.83,0.97,,,,,,
,,,,,51.94,1489.38,0.969,,,,,,
,,,,,52,1491.93,0.975,,,,,,
,,,,,52.06,1494.48,0.974,,,,,,
,,,,,52.12,1497.03,0.971,,,,,,
,,,,,52.18,1499.59,0.963,,,,,,
,,,,,52.24,1502.14,0.956,,,,,,
,,,,,52.3,1504.69,0.957,,,,,,
,,,,,52.36,1507.24,0.958,,,,,,
,,,,,52.42,1509.79,0.941,,,,,,
,,,,,52.48,1512.34,0.943,,,,,,
,,,,,52.54,1514.9,0.951,,,,,,
,,,,,52.6,1517.45,0.958,,,,,,
,,,,,52.66,1520,0.962,,,,,,
,,,,,52.72,1522.63,0.942,,,,,,
,,,,,52.78,1525.26,0.943,,,,,,
,,,,,52.84,1527.88,0.937,,,,,,
,,,,,52.9,1530.51,0.923,,,,,,
,,,,,52.96,1533.14,0.92,,,,,,
,,,,,53.02,1535.77,0.921,,,,,,
,,,,,53.08,1538.4,0.922,,,,,,
,,,,,53.14,1541.02,0.923,,,,,,
,,,,,53.2,1543.65,0.921,,,,,,
,,,,,53.26,1546.99,0.933,,,,,,
,,,,,53.32,1550.42,0.947,,,,,,
,,,,,53.38,1553.86,0.953,,,,,,
,,,,,53.44,1557.34,0.956,,,,,,
,,,,,53.5,1560.86,0.957,,,,,,
,,,,,53.56,1564.37,0.951,,,,,,
,,,,,53.62,1567.79,0.95,,,,,,
,,,,,53.68,1570.73,0.949,,,,,,
,,,,,53.74,1573.67,0.94,,,,,,
,,,,,53.8,1576.61,0.941,,,,,,
,,,,,53.86,1579.3,0.937,,,,,,
,,,,,53.92,1581.95,0.942,,,,,,
,,,,,53.98,1584.59,0.967,,,,,,
,,,,,54.04,1586.73,0.967,,,,,,
,,,,,54.1,1588.36,0.954,,,,,,
,,,,,54.16,1589.99,0.938,,,,,,
,,,,,54.22,1591.63,0.923,,,,,,
,,,,,54.28,1593.26,0.933,,,,,,
,,,,,54.34,1594.89,0.941,,,,,,
,,,,,54.4,1596.52,0.944,,,,,,
,,,,,54.47,1598.42,0.937,,,,,,
,,,,,54.53,1600.05,0.93,,,,,,
,,,,,54.59,1601.68,0.929,,,,,,
,,,,,54.65,1603.55,0.929,,,,,,
,,,,,54.71,1605.65,0.934,,,,,,
,,,,,54.77,1607.75,0.943,,,,,,
,,,,,54.83,1609.85,0.95,,,,,,
,,,,,54.89,1611.95,0.951,,,,,,
,,,,,54.95,1614.05,0.956,,,,,,
,,,,,55.01,1616.15,0.954,,,,,,
,,,,,55.07,1618.25,0.941,,,,,,
,,,,,55.13,1620.35,0.943,,,,,,
,,,,,55.19,1622.45,0.937,,,,,,
,,,,,55.25,1624.55,0.93,,,,,,
,,,,,55.31,1626.65,0.933,,,,,,
,,,,,55.37,1628.75,0.94,,,,,,
,,,,,55.43,1630.85,0.942,,,,,,
,,,,,55.49,1634.4,0.936,,,,,,
,,,,,55.55,1638.24,0.92,,,,,,
,,,,,55.61,1642.08,0.899,,,,,,
,,,,,55.67,1645.92,0.881,,,,,,
,,,,,55.73,1649.76,0.874,,,,,,
,,,,,55.79,1653.6,0.871,,,,,,
,,,,,55.85,1657.11,0.872,,,,,,
,,,,,55.91,1660.63,0.876,,,,,,
,,,,,55.97,1664.14,0.872,,,,,,
,,,,,56.03,1667.65,0.901,,,,,,
,,,,,56.09,1671.16,0.893,,,,,,
,,,,,56.15,1674.68,0.906,,,,,,
,,,,,56.21,1678.19,0.932,,,,,,
,,,,,56.27,1681.7,0.949,,,,,,
,,,,,56.33,1685.22,0.946,,,,,,
,,,,,56.39,1688.73,0.967,,,,,,
,,,,,56.54,1696.58,0.965,,,,,,
,,,,,56.6,1699.66,0.95,,,,,,
,,,,,56.66,1702.74,0.949,,,,,,
,,,,,56.72,1705.82,0.949,,,,,,
,,,,,56.78,1708.9,0.941,,,,,,
,,,,,56.84,1711.98,0.909,,,,,,
,,,,,56.9,1715.06,0.91,,,,,,
,,,,,56.96,1718.15,0.912,,,,,,
,,,,,57.02,1720.97,0.917,,,,,,
,,,,,57.08,1723.3,0.912,,,,,,
,,,,,57.14,1725.62,0.915,,,,,,
,,,,,57.2,1727.94,0.917,,,,,,
,,,,,57.26,1730.27,0.93,,,,,,
,,,,,57.32,1732.59,0.935,,,,,,
,,,,,57.38,1734.91,0.933,,,,,,
,,,,,57.44,1737.23,0.925,,,,,,
,,,,,57.5,1739.56,0.923,,,,,,
,,,,,57.56,1741.88,0.923,,,,,,
,,,,,57.62,1744.2,0.939,,,,,,
,,,,,57.68,1746.52,0.956,,,,,,
,,,,,57.74,1748.85,0.941,,,,,,
,,,,,57.8,1751.17,0.926,,,,,,
,,,,,57.86,1753.49,0.927,,,,,,
,,,,,57.92,1755.82,0.92,,,,,,
,,,,,57.98,1758.14,0.895,,,,,,
,,,,,58.04,1760.38,0.929,,,,,,
,,,,,58.1,1762.55,0.94,,,,,,
,,,,,58.16,1764.72,0.964,,,,,,
,,,,,58.22,1766.89,0.959,,,,,,
,,,,,58.28,1778.6,0.958,,,,,,
,,,,,58.34,1780.3,0.955,,,,,,
,,,,,58.4,1782.01,0.956,,,,,,
,,,,,58.46,1783.71,0.956,,,,,,
,,,,,58.52,1785.42,0.955,,,,,,
,,,,,58.58,1787.12,0.948,,,,,,
,,,,,58.64,1788.83,0.952,,,,,,
,,,,,58.7,1790.53,0.955,,,,,,
,,,,,58.76,1792.24,0.952,,,,,,
,,,,,58.82,1793.94,0.932,,,,,,
,,,,,58.88,1795.65,0.93,,,,,,
,,,,,58.94,1797.35,0.93,,,,,,
,,,,,59,1799.06,0.924,,,,,,
,,,,,59.06,1800.76,0.922,,,,,,
,,,,,59.12,1802.47,0.917,,,,,,
,,,,,59.18,1804.17,0.911,,,,,,
,,,,,59.24,1805.88,0.927,,,,,,
,,,,,59.3,1807.58,0.945,,,,,,
,,,,,59.36,1809.29,0.964,,,,,,
,,,,,59.42,1811,0.962,,,,,,
,,,,,59.48,1813.05,0.95,,,,,,
,,,,,59.54,1815.11,0.944,,,,,,
,,,,,59.6,1817.16,0.945,,,,,,
,,,,,59.66,1819.21,0.941,,,,,,
,,,,,59.72,1821.27,0.95,,,,,,
,,,,,59.78,1823.32,0.95,,,,,,
,,,,,59.84,1825.38,0.938,,,,,,
,,,,,59.9,1827.43,0.912,,,,,,
,,,,,59.96,1829.48,0.915,,,,,,
,,,,,60.02,1831.54,0.913,,,,,,
,,,,,60.08,1833.59,0.92,,,,,,
,,,,,60.14,1835.64,0.92,,,,,,
,,,,,60.2,1837.7,0.926,,,,,,
,,,,,60.26,1839.75,0.933,,,,,,
,,,,,60.32,1841.8,0.945,,,,,,
,,,,,60.38,1843.86,0.94,,,,,,
,,,,,60.44,1845.91,0.923,,,,,,
,,,,,60.5,1847.96,0.913,,,,,,
,,,,,60.56,1850.02,0.932,,,,,,
,,,,,60.62,1852.07,0.944,,,,,,
,,,,,60.68,1854.13,0.943,,,,,,
,,,,,60.74,1856.18,0.946,,,,,,
,,,,,60.8,1858.23,0.943,,,,,,
,,,,,60.86,1860.29,0.94,,,,,,
,,,,,60.92,1862.34,0.943,,,,,,
,,,,,60.98,1864.39,0.944,,,,,,
,,,,,61.04,1866.45,0.934,,,,,,
,,,,,61.1,1868.5,0.937,,,,,,
,,,,,61.16,1870.55,0.94,,,,,,
,,,,,61.22,1872.61,0.93,,,,,,
,,,,,61.28,1874.66,0.918,,,,,,
,,,,,61.34,1876.71,0.917,,,,,,
,,,,,61.4,1878.77,0.918,,,,,,
,,,,,61.46,1880.82,0.922,,,,,,
,,,,,61.52,1882.88,0.929,,,,,,
,,,,,61.58,1884.93,0.934,,,,,,
,,,,,61.64,1886.98,0.923,,,,,,
,,,,,61.7,1889.04,0.921,,,,,,
,,,,,61.76,1891.09,0.94,,,,,,
,,,,,61.82,1893.14,0.929,,,,,,
,,,,,61.88,1895.2,0.922,,,,,,
,,,,,61.94,1897.25,0.92,,,,,,
,,,,,62.06,1901.36,0.934,,,,,,
,,,,,62.12,1903.41,0.952,,,,,,
,,,,,62.18,1905.46,0.948,,,,,,
,,,,,62.24,1907.52,0.942,,,,,,
,,,,,62.3,1909.57,0.948,,,,,,
,,,,,62.36,1911.63,0.949,,,,,,
,,,,,62.42,1913.68,0.937,,,,,,
,,,,,62.48,1915.73,0.935,,,,,,
,,,,,62.54,1917.79,0.942,,,,,,
,,,,,62.6,1919.84,0.941,,,,,,
,,,,,62.66,1921.89,0.94,,,,,,
,,,,,62.72,1923.95,0.958,,,,,,
,,,,,62.78,1926,0.959,,,,,,
,,,,,62.84,1928.71,0.947,,,,,,
,,,,,62.9,1931.43,0.945,,,,,,
,,,,,62.96,1934.14,0.95,,,,,,
,,,,,63.02,1936.86,0.952,,,,,,
,,,,,63.08,1939.57,0.961,,,,,,
,,,,,63.14,1942.29,0.954,,,,,,
,,,,,63.2,1945,0.934,,,,,,
,,,,,63.26,1949.09,0.931,,,,,,
,,,,,63.32,1953.18,0.929,,,,,,
,,,,,63.38,1957.27,0.951,,,,,,
,,,,,63.44,1961.36,0.951,,,,,,
,,,,,63.5,1965.45,0.964,,,,,,
,,,,,63.56,1969.55,0.952,,,,,,
,,,,,63.62,1973.64,0.954,,,,,,
,,,,,63.68,1977.73,0.959,,,,,,
,,,,,63.74,1981.82,0.97,,,,,,
,,,,,63.8,1985.91,0.971,,,,,,
,,,,,63.86,1990,0.974,,,,,,
,,,,,63.92,1993.36,0.971,,,,,,
,,,,,63.98,1996.73,0.97,,,,,,
,,,,,64.04,2000.09,0.96,,,,,,
,,,,,64.1,2003.45,0.954,,,,,,
,,,,,64.16,2006.82,0.949,,,,,,
,,,,,64.22,2010.18,0.947,,,,,,
,,,,,64.28,2013.55,0.947,,,,,,
,,,,,64.34,2016.91,0.948,,,,,,
,,,,,64.4,2020.27,0.953,,,,,,
,,,,,64.46,2023.64,0.957,,,,,,
,,,,,64.52,2027,0.952,,,,,,
,,,,,64.58,2030.08,0.947,,,,,,
,,,,,64.64,2033.15,0.944,,,,,,
,,,,,64.7,2036.23,0.935,,,,,,
,,,,,64.76,2039.31,0.928,,,,,,
,,,,,64.82,2042.38,0.93,,,,,,
,,,,,64.88,2045.46,0.93,,,,,,
,,,,,64.94,2048.54,0.932,,,,,,
,,,,,65,2051.62,0.91,,,,,,
,,,,,65.06,2054.69,0.915,,,,,,
,,,,,65.12,2057.77,0.911,,,,,,
,,,,,65.18,2060.85,0.917,,,,,,
,,,,,65.24,2063.92,0.902,,,,,,
,,,,,65.3,2067,0.905,,,,,,
,,,,,65.36,2070.51,0.903,,,,,,
,,,,,65.42,2074.03,0.913,,,,,,
,,,,,65.48,2077.54,0.91,,,,,,
,,,,,65.54,2081.06,0.909,,,,,,
,,,,,65.6,2084.57,0.904,,,,,,
,,,,,65.66,2088.08,0.906,,,,,,
,,,,,65.72,2091.6,0.919,,,,,,
,,,,,65.78,2095.11,0.933,,,,,,
,,,,,65.84,2098.63,0.942,,,,,,
,,,,,65.9,2101.08,0.934,,,,,,
,,,,,65.93,2102.31,0.924,,,,,,
,,,,,66,2105.17,0.913,,,,,,
,,,,,66.06,2107.63,0.915,,,,,,
,,,,,66.11,2109.67,0.917,,,,,,
,,,,,66.17,2112.13,0.928,,,,,,
,,,,,66.23,2114.58,0.938,,,,,,
,,,,,66.29,2117.04,0.957,,,,,,
,,,,,66.35,2119.49,0.952,,,,,,
,,,,,66.41,2121.18,0.949,,,,,,
,,,,,66.48,2122.97,0.959,,,,,,
,,,,,66.54,2124.51,0.962,,,,,,
,,,,,66.59,2125.79,0.967,,,,,,
,,,,,66.645,2127.2,0.973,,,,,,
,,,,,66.71,2128.86,0.976,,,,,,
,,,,,66.785,2130.78,0.978,,,,,,
,,,,,66.79,2130.91,0.974,,,,,,
,,,,,66.85,2136,0.975,,,,,,
,,,,,66.91,2137.42,0.975,,,,,,
,,,,,66.97,2138.85,0.973,,,,,,
,,,,,67.03,2140.27,0.968,,,,,,
,,,,,67.09,2141.7,0.959,,,,,,
,,,,,67.15,2143.12,0.954,,,,,,
,,,,,67.21,2144.55,0.953,,,,,,
,,,,,67.27,2145.97,0.949,,,,,,
,,,,,67.33,2147.39,0.915,,,,,,
,,,,,67.39,2148.82,0.92,,,,,,
,,,,,67.45,2150.24,0.909,,,,,,
,,,,,67.51,2151.67,0.895,,,,,,
,,,,,67.57,2153.09,0.893,,,,,,
,,,,,67.63,2154.52,0.903,,,,,,
,,,,,67.69,2155.94,0.909,,,,,,
,,,,,67.75,2157.36,0.907,,,,,,
,,,,,67.81,2158.79,0.911,,,,,,
,,,,,67.87,2160.21,0.926,,,,,,
,,,,,67.93,2161.64,0.925,,,,,,
,,,,,67.99,2163.06,0.909,,,,,,
,,,,,68.05,2164.49,0.912,,,,,,
,,,,,68.11,2165.91,0.921,,,,,,
,,,,,68.17,2167.34,0.946,,,,,,
,,,,,68.23,2168.76,0.952,,,,,,
,,,,,68.29,2170.18,0.954,,,,,,
,,,,,68.35,2171.61,0.952,,,,,,
,,,,,68.41,2173.03,0.956,,,,,,
,,,,,68.47,2174.46,0.959,,,,,,
,,,,,68.53,2175.88,0.967,,,,,,
,,,,,68.59,2177.31,0.966,,,,,,
,,,,,68.65,2178.73,0.966,,,,,,
,,,,,68.71,2180.15,0.967,,,,,,
,,,,,68.77,2181.58,0.969,,,,,,
,,,,,68.83,2183,0.97,,,,,,
,,,,,68.89,2184.43,0.974,,,,,,
,,,,,68.95,2185.85,0.975,,,,,,
,,,,,69.01,2187.28,0.978,,,,,,
,,,,,69.07,2188.7,0.983,,,,,,
,,,,,69.13,2190.82,0.981,,,,,,
,,,,,69.19,2192.94,0.975,,,,,,
,,,,,69.25,2195.05,0.962,,,,,,
,,,,,69.31,2197.17,0.964,,,,,,
,,,,,69.37,2199.29,0.96,,,,,,
,,,,,69.43,2201.41,0.958,,,,,,
,,,,,69.49,2203.53,0.951,,,,,,
,,,,,69.55,2205.65,0.95,,,,,,
,,,,,69.61,2207.76,0.957,,,,,,
,,,,,69.67,2209.88,0.967,,,,,,
,,,,,69.73,2212,0.974,,,,,,
,,,,,69.79,2213.91,0.975,,,,,,
,,,,,69.85,2215.82,0.969,,,,,,
,,,,,69.91,2217.73,0.965,,,,,,
,,,,,69.97,2219.64,0.961,,,,,,
,,,,,70.03,2221.55,0.968,,,,,,
,,,,,70.09,2223.45,0.969,,,,,,
,,,,,70.15,2225.36,0.969,,,,,,
,,,,,70.21,2227.27,0.972,,,,,,
,,,,,70.27,2229.18,0.971,,,,,,
,,,,,70.33,2231.09,0.974,,,,,,
,,,,,70.39,2233,0.961,,,,,,
,,,,,70.45,2235.13,0.971,,,,,,
,,,,,70.51,2237.25,0.956,,,,,,
,,,,,70.57,2239.38,0.958,,,,,,
,,,,,70.63,2241.5,0.954,,,,,,
,,,,,70.69,2243.63,0.949,,,,,,
,,,,,70.75,2245.75,0.943,,,,,,
,,,,,70.81,2247.88,0.942,,,,,,
,,,,,70.87,2250,0.941,,,,,,
,,,,,70.93,2252,0.939,,,,,,
,,,,,70.99,2254,0.941,,,,,,
,,,,,71.05,2256,0.953,,,,,,
,,,,,71.11,2258,0.961,,,,,,
,,,,,71.17,2260,0.971,,,,,,
,,,,,71.23,2261.85,0.974,,,,,,
,,,,,71.29,2263.71,0.969,,,,,,
,,,,,71.35,2265.56,0.97,,,,,,
,,,,,71.41,2267.42,0.968,,,,,,
,,,,,71.47,2269.27,0.964,,,,,,
,,,,,71.53,2271.13,0.966,,,,,,
,,,,,71.59,2272.98,0.964,,,,,,
,,,,,71.65,2274.84,0.967,,,,,,
,,,,,71.71,2276.69,0.967,,,,,,
,,,,,71.77,2278.55,0.963,,,,,,
,,,,,71.83,2280.4,0.961,,,,,,
,,,,,71.89,2282.25,0.96,,,,,,
,,,,,71.95,2284.11,0.952,,,,,,
,,,,,72.01,2285.96,0.951,,,,,,
,,,,,72.07,2287.82,0.95,,,,,,
,,,,,72.13,2289.67,0.95,,,,,,
,,,,,72.19,2291.53,0.946,,,,,,
,,,,,72.25,2293.38,0.946,,,,,,
,,,,,72.31,2295.24,0.946,,,,,,
,,,,,72.37,2297.09,0.958,,,,,,
,,,,,72.43,2298.95,0.963,,,,,,
,,,,,72.49,2300.8,0.972,,,,,,
,,,,,72.55,2303.29,0.979,,,,,,
,,,,,72.61,2305.79,0.974,,,,,,
,,,,,72.67,2308.17,0.964,,,,,,
,,,,,72.73,2309.93,0.952,,,,,,
,,,,,72.79,2311.68,0.949,,,,,,
,,,,,72.85,2313.44,0.947,,,,,,
,,,,,72.91,2315.07,0.95,,,,,,
,,,,,72.97,2316.67,0.955,,,,,,
,,,,,73.03,2318.27,0.963,,,,,,
,,,,,73.09,2319.87,0.968,,,,,,
,,,,,73.15,2321.47,0.971,,,,,,
,,,,,73.21,2323.07,0.979,,,,,,
,,,,,73.27,2324.71,0.966,,,,,,
,,,,,73.33,2326.52,0.958,,,,,,
,,,,,73.39,2328.33,0.959,,,,,,
,,,,,73.45,2330.14,0.955,,,,,,
,,,,,73.51,2332.4,0.959,,,,,,
,,,,,73.57,2334.75,0.963,,,,,,
,,,,,73.63,2337.1,0.967,,,,,,
,,,,,73.69,2339.65,0.981,,,,,,
,,,,,73.75,2342.41,0.987,,,,,,
,,,,,73.81,2345.18,0.985,,,,,,
,,,,,73.87,2347.94,0.977,,,,,,
,,,,,73.93,2350.7,0.975,,,,,,
,,,,,73.99,2353.46,0.961,,,,,,
,,,,,74.05,2356.22,0.958,,,,,,
,,,,,74.11,2358.98,0.96,,,,,,
,,,,,74.17,2361.73,0.957,,,,,,
,,,,,74.23,2364.49,0.964,,,,,,
,,,,,74.29,2367.13,0.97,,,,,,
,,,,,74.35,2369.64,0.963,,,,,,
,,,,,74.41,2372.16,0.972,,,,,,
,,,,,74.47,2374.64,0.975,,,,,,
,,,,,74.53,2376.94,0.974,,,,,,
,,,,,74.59,2379.24,0.973,,,,,,
,,,,,74.65,2381.54,0.972,,,,,,
,,,,,74.71,2383.55,0.979,,,,,,
,,,,,74.77,2385.5,0.979,,,,,,
,,,,,74.83,2387.45,0.98,,,,,,
,,,,,74.89,2389.22,0.977,,,,,,
,,,,,74.95,2390.79,0.973,,,,,,
,,,,,75.01,2392.36,0.972,,,,,,
,,,,,75.07,2393.92,0.97,,,,,,
,,,,,75.13,2395.45,0.968,,,,,,
,,,,,75.19,2396.98,0.967,,,,,,
,,,,,75.25,2398.51,0.966,,,,,,
,,,,,75.31,2399.95,0.963,,,,,,
,,,,,75.37,2401.37,0.966,,,,,,
,,,,,75.43,2402.78,0.968,,,,,,
,,,,,75.49,2404.2,0.969,,,,,,
,,,,,75.55,2405.63,0.972,,,,,,
,,,,,75.61,2407.05,0.974,,,,,,
,,,,,75.67,2408.47,0.974,,,,,,
,,,,,75.73,2409.89,0.968,,,,,,
,,,,,75.79,2411.32,0.968,,,,,,
,,,,,75.85,2412.74,0.97,,,,,,
,,,,,75.91,2414.16,0.966,,,,,,
,,,,,75.97,2415.58,0.973,,,,,,
,,,,,76.03,2417.01,0.971,,,,,,
,,,,,76.09,2418.43,0.971,,,,,,
,,,,,76.16,2420.09,0.968,,,,,,
,,,,,76.23,2421.75,0.97,,,,,,
,,,,,76.28,2422.94,0.97,,,,,,
,,,,,76.35,2424.6,0.971,,,,,,
,,,,,76.4,2425.78,0.97,,,,,,
,,,,,76.46,2427.2,0.97,,,,,,
,,,,,76.52,2428.63,0.967,,,,,,
,,,,,76.59,2430.29,0.964,,,,,,
,,,,,76.64,2431.47,0.959,,,,,,
,,,,,76.7,2432.9,0.956,,,,,,
,,,,,76.76,2434.32,0.955,,,,,,
,,,,,76.83,2435.98,0.943,,,,,,
,,,,,76.88,2437.16,0.933,,,,,,
,,,,,76.94,2438.59,0.924,,,,,,
,,,,,77,2440.01,0.929,,,,,,
,,,,,77.06,2441.43,0.928,,,,,,
,,,,,77.13,2443.09,0.937,,,,,,
,,,,,77.18,2444.28,0.945,,,,,,
,,,,,77.24,2445.7,0.946,,,,,,
,,,,,77.33,2447.83,0.949,,,,,,
,,,,,77.39,2449.26,0.938,,,,,,
,,,,,77.45,2450.68,0.945,,,,,,
,,,,,77.51,2452.1,0.95,,,,,,
,,,,,77.58,2453.76,0.959,,,,,,
,,,,,77.63,2454.95,0.958,,,,,,
,,,,,77.69,2456.37,0.952,,,,,,
,,,,,77.75,2457.79,0.958,,,,,,
,,,,,77.82,2459.45,0.962,,,,,,
,,,,,77.88,2460.88,0.968,,,,,,
,,,,,77.93,2462.06,0.971,,,,,,
,,,,,77.99,2463.63,0.969,,,,,,
,,,,,78.05,2465.22,0.968,,,,,,
,,,,,78.11,2466.81,0.965,,,,,,
,,,,,78.17,2468.41,0.973,,,,,,
,,,,,78.23,2470,0.974,,,,,,
,,,,,78.29,2471.59,0.977,,,,,,
,,,,,78.35,2473.19,0.975,,,,,,
,,,,,78.41,2474.78,0.972,,,,,,
,,,,,78.48,2476.64,0.97,,,,,,
,,,,,78.53,2477.96,0.972,,,,,,
,,,,,78.59,2479.56,0.975,,,,,,
,,,,,78.65,2481.15,0.977,,,,,,
,,,,,78.71,2482.74,0.965,,,,,,
,,,,,78.76,2484.07,0.956,,,,,,
,,,,,78.83,2485.93,0.957,,,,,,
,,,,,78.89,2487.52,0.951,,,,,,
,,,,,78.95,2489.11,0.953,,,,,,
,,,,,79.01,2490.71,0.952,,,,,,
,,,,,79.08,2492.57,0.948,,,,,,
,,,,,79.13,2493.89,0.953,,,,,,
,,,,,79.19,2495.49,0.968,,,,,,
,,,,,79.25,2497.08,0.975,,,,,,
,,,,,79.31,2498.67,0.98,,,,,,
,,,,,79.38,2500.65,0.982,,,,,,
,,,,,79.43,2502.28,0.977,,,,,,
,,,,,79.49,2504.23,0.972,,,,,,
,,,,,79.545,2506.02,0.966,,,,,,
,,,,,79.61,2508.14,0.958,,,,,,
,,,,,79.68,2510.41,0.953,,,,,,
,,,,,79.73,2512.04,0.963,,,,,,
,,,,,79.79,2513.99,0.963,,,,,,
,,,,,79.85,2515.95,0.947,,,,,,
,,,,,79.91,2517.9,0.909,,,,,,
,,,,,79.98,2520.04,0.904,,,,,,
,,,,,80.04,2521.71,0.895,,,,,,
,,,,,80.09,2523.11,0.875,,,,,,
,,,,,80.14,2524.5,0.868,,,,,,
,,,,,80.22,2526.74,0.875,,,,,,
,,,,,80.28,2528.41,0.893,,,,,,
,,,,,80.33,2529.81,0.899,,,,,,
,,,,,80.39,2531.49,0.909,,,,,,
,,,,,80.46,2533.44,0.935,,,,,,
,,,,,80.52,2535.11,0.94,,,,,,
,,,,,80.57,2536.51,0.926,,,,,,
,,,,,80.63,2538.19,0.933,,,,,,
,,,,,80.69,2539.86,0.941,,,,,,
,,,,,80.76,2541.82,0.946,,,,,,
,,,,,80.82,2543.49,0.965,,,,,,
,,,,,80.88,2545.17,0.978,,,,,,
,,,,,80.94,2546.84,0.983,,,,,,
,,,,,80.99,2548.57,0.985,,,,,,
,,,,,81.06,2551.28,0.975,,,,,,
,,,,,81.11,2553.23,0.969,,,,,,
,,,,,81.17,2555.56,0.959,,,,,,
,,,,,81.23,2557.89,0.963,,,,,,
,,,,,81.29,2560.22,0.959,,,,,,
,,,,,81.345,2562.36,0.96,,,,,,
,,,,,81.42,2565.27,0.966,,,,,,
,,,,,81.48,2567.6,0.976,,,,,,
,,,,,81.54,2569.93,0.979,,,,,,
,,,,,81.59,2571.87,0.977,,,,,,
,,,,,81.645,2574.01,0.972,,,,,,
,,,,,81.71,2576.54,0.975,,,,,,
,,,,,81.78,2579.26,0.974,,,,,,
,,,,,81.83,2581.2,0.975,,,,,,
,,,,,81.89,2583.53,0.978,,,,,,
,,,,,81.95,2585.86,0.985,,,,,,
,,,,,82.02,2588.58,0.983,,,,,,
,,,,,82.08,2590.91,0.975,,,,,,
,,,,,82.13,2592.85,0.969,,,,,,
,,,,,82.185,2594.99,0.964,,,,,,
,,,,,82.26,2597.9,0.959,,,,,,
,,,,,82.31,2599.85,0.951,,,,,,
,,,,,82.38,2604.2,0.939,,,,,,
,,,,,82.43,2608.87,0.936,,,,,,
,,,,,82.49,2614.47,0.938,,,,,,
,,,,,82.56,2621,0.954,,,,,,
,,,,,82.62,2623.61,0.951,,,,,,
,,,,,82.68,2626.22,0.951,,,,,,
,,,,,82.73,2628.4,0.938,,,,,,
,,,,,82.79,2630.57,0.928,,,,,,
,,,,,82.85,2632.31,0.947,,,,,,
,,,,,82.91,2634.05,0.952,,,,,,
,,,,,82.98,2635.87,0.955,,,,,,
,,,,,83.03,2636.81,0.954,,,,,,
,,,,,83.09,2637.93,0.956,,,,,,
,,,,,83.145,2638.95,0.957,,,,,,
,,,,,83.22,2640.35,0.962,,,,,,
,,,,,83.28,2641.47,0.964,,,,,,
,,,,,83.33,2642.4,0.962,,,,,,
,,,,,83.39,2643.52,0.952,,,,,,
,,,,,83.46,2644.83,0.944,,,,,,
,,,,,83.505,2646.41,0.945,,,,,,
,,,,,83.57,2649.55,0.954,,,,,,
,,,,,83.63,2652.44,0.961,,,,,,
,,,,,83.69,2655.34,0.967,,,,,,
,,,,,83.745,2658,0.972,,,,,,
,,,,,83.82,2661.62,0.98,,,,,,
,,,,,83.88,2664.52,0.972,,,,,,
,,,,,83.93,2666.93,0.962,,,,,,
,,,,,83.99,2669.83,0.955,,,,,,
,,,,,84.045,2672.49,0.959,,,,,,
,,,,,84.11,2675.63,0.969,,,,,,
,,,,,84.18,2679.01,0.975,,,,,,
,,,,,84.24,2681.9,0.978,,,,,,
,,,,,84.29,2684.32,0.971,,,,,,
,,,,,84.35,2687.22,0.961,,,,,,
,,,,,84.42,2689.13,0.958,,,,,,
,,,,,84.48,2690.56,0.949,,,,,,
,,,,,84.53,2691.76,0.949,,,,,,
,,,,,84.59,2693.19,0.959,,,,,,
,,,,,84.645,2694.5,0.964,,,,,,
,,,,,84.71,2696.05,0.975,,,,,,
,,,,,84.78,2697.72,0.974,,,,,,
,,,,,84.83,2698.91,0.971,,,,,,
,,,,,84.89,2700.34,0.97,,,,,,
,,,,,84.95,2701.77,0.959,,,,,,
,,,,,85.01,2703.21,0.947,,,,,,
,,,,,85.07,2704.64,0.95,,,,,,
,,,,,85.14,2706.31,0.931,,,,,,
,,,,,85.19,2707.5,0.918,,,,,,
,,,,,85.26,2710.52,0.922,,,,,,
,,,,,85.31,2712.67,0.923,,,,,,
,,,,,85.38,2715.69,0.933,,,,,,
,,,,,85.43,2717.85,0.94,,,,,,
,,,,,85.49,2720.44,0.947,,,,,,
,,,,,85.56,2723.45,0.955,,,,,,
,,,,,85.62,2726.04,0.958,,,,,,
,,,,,85.68,2728.63,0.97,,,,,,
,,,,,85.73,2730.78,0.97,,,,,,
,,,,,85.79,2733.37,0.969,,,,,,
,,,,,85.845,2735.74,0.969,,,,,,
,,,,,85.91,2738.54,0.968,,,,,,
,,,,,85.98,2741.56,0.971,,,,,,
,,,,,86.03,2743.72,0.97,,,,,,
,,,,,86.09,2746.31,0.975,,,,,,
,,,,,86.16,2749.32,0.98,,,,,,
,,,,,86.22,2751.91,0.984,,,,,,
,,,,,86.33,2756.65,0.988,,,,,,
,,,,,86.39,2759.24,0.987,,,,,,
,,,,,86.45,2761.83,0.982,,,,,,
,,,,,86.51,2764.41,0.974,,,,,,
,,,,,86.58,2767.43,0.965,,,,,,
,,,,,86.62,2769.16,0.961,,,,,,
,,,,,86.69,2772.18,0.96,,,,,,
,,,,,86.74,2774.19,0.956,,,,,,
,,,,,86.82,2776.51,0.968,,,,,,
,,,,,86.88,2778.24,0.967,,,,,,
,,,,,86.93,2779.69,0.972,,,,,,
,,,,,86.99,2781.43,0.975,,,,,,
,,,,,87.06,2783.45,0.973,,,,,,
,,,,,87.11,2784.9,0.971,,,,,,
,,,,,87.17,2786.64,0.969,,,,,,
,,,,,87.23,2788.38,0.969,,,,,,
,,,,,87.29,2790.11,0.965,,,,,,
,,,,,87.35,2791.85,0.97,,,,,,
,,,,,87.41,2793.59,0.971,,,,,,
,,,,,87.47,2795.32,0.973,,,,,,
,,,,,87.52,2796.77,0.972,,,,,,
,,,,,87.59,2798.8,0.974,,,,,,
,,,,,87.65,2800.54,0.97,,,,,,
,,,,,87.69,2801.69,0.965,,,,,,
,,,,,87.76,2803.72,0.96,,,,,,
,,,,,87.83,2808.43,0.958,,,,,,
,,,,,87.88,2812.56,0.958,,,,,,
,,,,,87.94,2817.52,0.964,,,,,,
,,,,,88.01,2823.3,0.971,,,,,,
,,,,,88.07,2825.58,0.971,,,,,,
,,,,,88.13,2827.86,0.974,,,,,,
,,,,,88.18,2829.76,0.974,,,,,,
,,,,,88.24,2832.03,0.976,,,,,,
,,,,,88.3,2834.31,0.978,,,,,,
,,,,,88.36,2836.59,0.976,,,,,,
,,,,,88.43,2839.25,0.977,,,,,,
,,,,,88.49,2841.53,0.969,,,,,,
,,,,,88.54,2843.43,0.962,,,,,,
,,,,,88.6,2845.71,0.96,,,,,,
,,,,,88.67,2848.36,0.96,,,,,,
,,,,,88.72,2850.26,0.963,,,,,,
,,,,,88.78,2852.54,0.969,,,,,,
,,,,,88.84,2854.82,0.971,,,,,,
,,,,,88.9,2857.1,0.97,,,,,,
,,,,,88.96,2859.38,0.965,,,,,,
,,,,,89.02,2861.65,0.964,,,,,,
,,,,,89.08,2863.93,0.966,,,,,,
,,,,,89.14,2866.21,0.967,,,,,,
,,,,,89.2,2868.49,0.967,,,,,,
,,,,,89.27,2871.15,0.971,,,,,,
,,,,,89.32,2873.05,0.971,,,,,,
,,,,,89.38,2875.33,0.968,,,,,,
,,,,,89.45,2877.98,0.955,,,,,,
,,,,,89.5,2879.88,0.95,,,,,,
,,,,,89.56,2882.16,0.948,,,,,,
,,,,,89.62,2884.44,0.949,,,,,,
,,,,,89.68,2886.72,0.957,,,,,,
,,,,,89.74,2889,0.963,,,,,,
,,,,,89.81,2891.66,0.97,,,,,,
,,,,,89.86,2893.55,0.977,,,,,,
,,,,,89.92,2895.83,0.973,,,,,,
,,,,,89.98,2898.11,0.97,,,,,,
,,,,,90.04,2900.39,0.955,,,,,,
,,,,,90.11,2903.05,0.946,,,,,,
,,,,,90.16,2904.95,0.945,,,,,,
,,,,,90.23,2907.6,0.945,,,,,,
,,,,,90.28,2909.5,0.948,,,,,,
,,,,,90.34,2911.78,0.951,,,,,,
,,,,,90.4,2914.06,0.959,,,,,,
,,,,,90.47,2916.72,0.952,,,,,,
,,,,,90.53,2919,0.951,,,,,,
,,,,,90.58,2920.9,0.95,,,,,,
,,,,,90.64,2923.17,0.943,,,,,,
,,,,,90.7,2925.45,0.941,,,,,,
,,,,,90.76,2927.7,0.933,,,,,,
,,,,,90.83,2930.21,0.945,,,,,,
,,,,,90.88,2932,0.953,,,,,,
,,,,,90.94,2934.15,0.963,,,,,,
,,,,,91,2936.3,0.97,,,,,,
,,,,,91.06,2938.45,0.971,,,,,,
,,,,,91.12,2940.6,0.978,,,,,,
,,,,,91.18,2942.75,0.977,,,,,,
,,,,,91.24,2944.9,0.974,,,,,,
,,,,,91.3,2947.05,0.967,,,,,,
,,,,,91.36,2949.2,0.96,,,,,,
,,,,,91.44,2952.07,0.961,,,,,,
,,,,,91.49,2953.86,0.959,,,,,,
,,,,,91.54,2955.65,0.959,,,,,,
,,,,,91.59,2957.44,0.961,,,,,,
,,,,,91.67,2960.31,0.971,,,,,,
,,,,,91.73,2962.46,0.975,,,,,,
,,,,,91.78,2964.25,0.975,,,,,,
,,,,,91.84,2966.4,0.975,,,,,,
,,,,,91.9,2968.55,0.968,,,,,,
,,,,,91.96,2970.7,0.961,,,,,,
,,,,,92.03,2973.21,0.953,,,,,,
,,,,,92.08,2975,0.943,,,,,,
,,,,,92.14,2978.17,0.949,,,,,,
,,,,,92.2,2981.33,0.952,,,,,,
,,,,,92.26,2984.5,0.958,,,,,,
,,,,,92.32,2987.67,0.966,,,,,,
,,,,,92.38,2990.83,0.97,,,,,,
,,,,,92.44,2994,0.973,,,,,,
,,,,,92.5,2997.17,0.973,,,,,,
,,,,,92.56,3000.33,0.966,,,,,,
,,,,,92.63,3004.03,0.958,,,,,,
,,,,,92.69,3007.19,0.939,,,,,,
,,,,,92.74,3009.83,0.943,,,,,,
,,,,,92.8,3013,0.932,,,,,,
,,,,,92.86,3015.6,0.938,,,,,,
,,,,,92.93,3018.63,0.946,,,,,,
,,,,,92.99,3021.22,0.951,,,,,,
,,,,,93.04,3023.39,0.957,,,,,,
,,,,,93.1,3025.99,0.966,,,,,,
,,,,,93.16,3028.58,0.969,,,,,,
,,,,,93.23,3031.61,0.968,,,,,,
,,,,,93.29,3034.21,0.956,,,,,,
,,,,,93.34,3036.37,0.951,,,,,,
,,,,,93.4,3038.97,0.944,,,,,,
,,,,,93.47,3042,0.943,,,,,,
,,,,,93.53,3043.73,0.944,,,,,,
,,,,,93.58,3045.18,0.949,,,,,,
,,,,,93.64,3046.92,0.954,,,,,,
,,,,,93.7,3048.65,0.963,,,,,,
,,,,,93.76,3050.39,0.967,,,,,,
,,,,,93.83,3052.41,0.971,,,,,,
,,,,,93.88,3053.86,0.978,,,,,,
,,,,,93.95,3055.88,0.977,,,,,,
,,,,,94,3057.33,0.974,,,,,,
,,,,,94.06,3059.06,0.966,,,,,,
,,,,,94.13,3061.08,0.952,,,,,,
,,,,,94.18,3062.53,0.956,,,,,,
,,,,,94.24,3064.27,0.952,,,,,,
,,,,,94.3,3066,0.948,,,,,,
,,,,,94.35,3067.17,0.951,,,,,,
,,,,,94.43,3069.05,0.96,,,,,,
,,,,,94.48,3070.22,0.97,,,,,,
,,,,,94.54,3071.63,0.977,,,,,,
,,,,,94.59,3072.8,0.976,,,,,,
,,,,,94.67,3074.68,0.969,,,,,,
,,,,,94.73,3076.08,0.963,,,,,,
,,,,,94.78,3077.26,0.96,,,,,,
,,,,,94.84,3078.66,0.961,,,,,,
,,,,,94.9,3080.07,0.964,,,,,,
,,,,,94.96,3081.48,0.961,,,,,,
,,,,,95.02,3082.88,0.966,,,,,,
,,,,,95.08,3084.29,0.972,,,,,,
,,,,,95.15,3085.93,0.981,,,,,,
,,,,,95.2,3087.1,0.983,,,,,,
,,,,,95.27,3088.74,0.986,,,,,,
,,,,,95.34,3090.39,0.98,,,,,,
,,,,,95.44,3092.73,0.976,,,,,,
,,,,,95.5,3094.14,0.976,,,,,,
,,,,,95.56,3095.54,0.968,,,,,,
,,,,,95.63,3097.19,0.965,,,,,,
,,,,,95.69,3098.59,0.965,,,,,,
,,,,,95.75,3100,0.963,,,,,,
,,,,,95.81,3101.52,0.962,,,,,,
,,,,,95.86,3102.79,0.963,,,,,,
,,,,,95.93,3104.56,0.967,,,,,,
,,,,,95.99,3106.08,0.973,,,,,,
,,,,,96.04,3107.35,0.968,,,,,,
,,,,,96.1,3108.87,0.97,,,,,,
,,,,,96.17,3110.64,0.984,,,,,,
,,,,,96.23,3112.16,0.983,,,,,,
,,,,,96.29,3113.68,0.973,,,,,,
,,,,,96.34,3114.95,0.974,,,,,,
,,,,,96.41,3116.72,0.966,,,,,,
,,,,,96.48,3118.49,0.966,,,,,,
,,,,,96.53,3119.76,0.979,,,,,,
,,,,,96.58,3121.03,0.964,,,,,,
,,,,,96.64,3122.55,0.96,,,,,,
,,,,,96.7,3124.07,0.964,,,,,,
,,,,,96.76,3125.59,0.967,,,,,,
,,,,,96.82,3127.11,0.969,,,,,,
,,,,,96.89,3128.88,0.973,,,,,,
,,,,,96.96,3130.65,0.977,,,,,,
,,,,,97.01,3131.92,0.969,,,,,,
,,,,,97.07,3133.44,0.962,,,,,,
,,,,,97.13,3134.96,0.954,,,,,,
,,,,,97.19,3136.48,0.943,,,,,,
,,,,,97.25,3138,0.954,,,,,,
,,,,,97.49,3147.82,0.954,,,,,,
,,,,,97.52,3149.05,0.973,,,,,,
,,,,,97.57,3151.09,0.973,,,,,,
,,,,,97.61,3152.73,0.973,,,,,,
,,,,,97.65,3154.36,0.973,,,,,,
,,,,,97.69,3156,0.973,,,,,,
,,,,,97.73,3157.97,0.975,,,,,,
,,,,,97.77,3159.94,0.973,,,,,,
,,,,,97.81,3161.91,0.967,,,,,,
,,,,,97.86,3164.37,0.968,,,,,,
,,,,,97.9,3166.34,0.965,,,,,,
,,,,,97.93,3167.82,0.964,,,,,,
,,,,,97.97,3169.78,0.963,,,,,,
,,,,,98.02,3172.25,0.958,,,,,,
,,,,,98.06,3174.22,0.955,,,,,,
,,,,,98.1,3176.18,0.958,,,,,,
,,,,,98.13,3177.66,0.946,,,,,,
,,,,,98.17,3179.63,0.948,,,,,,
,,,,,98.21,3181.6,0.955,,,,,,
,,,,,98.3,3186.03,0.955,,,,,,
,,,,,98.34,3188,0.966,,,,,,
,,,,,98.38,3189.93,0.967,,,,,,
,,,,,98.41,3191.39,0.968,,,,,,
,,,,,98.46,3193.8,0.967,,,,,,
,,,,,98.49,3195.26,0.969,,,,,,
,,,,,98.53,3197.19,0.972,,,,,,
,,,,,98.57,3199.13,0.968,,,,,,
,,,,,98.61,3201.06,0.967,,,,,,
,,,,,98.65,3203,0.965,,,,,,
,,,,,98.7,3205.41,0.962,,,,,,
,,,,,98.74,3207.35,0.961,,,,,,
,,,,,98.78,3209.28,0.961,,,,,,
,,,,,98.81,3210.73,0.959,,,,,,
,,,,,98.85,3212.67,0.96,,,,,,
,,,,,98.88,3214.12,0.961,,,,,,
,,,,,98.93,3216.54,0.963,,,,,,
,,,,,98.99,3219.44,0.963,,,,,,
,,,,,99.05,3222.34,0.958,,,,,,
,,,,,99.11,3225.25,0.97,,,,,,
,,,,,99.18,3228.63,0.975,,,,,,
,,,,,99.24,3231.53,0.973,,,,,,
,,,,,99.29,3233.95,0.961,,,,,,
,,,,,99.36,3237.34,0.957,,,,,,
,,,,,99.48,3243.14,0.965,,,,,,
,,,,,99.53,3245.56,0.954,,,,,,
,,,,,99.59,3248.47,0.956,,,,,,
,,,,,99.65,3251.37,0.96,,,,,,
,,,,,99.71,3254.27,0.967,,,,,,
,,,,,99.79,3258.14,0.961,,,,,,
,,,,,99.84,3260.56,0.959,,,,,,
,,,,,99.89,3262.98,0.954,,,,,,
,,,,,99.95,3265.88,0.952,,,,,,
,,,,,100.02,3269.27,0.954,,,,,,
,,,,,100.07,3271.68,0.958,,,,,,
,,,,,100.13,3274.59,0.95,,,,,,
,,,,,100.2,3277.97,0.948,,,,,,
,,,,,100.26,3280.87,0.939,,,,,,
,,,,,100.32,3283.78,0.949,,,,,,
,,,,,100.38,3286.68,0.938,,,,,,
,,,,,100.43,3289.1,0.941,,,,,,
,,,,,100.49,3292,0.939,,,,,,
,,,,,100.55,3294.24,0.94,,,,,,
,,,,,100.61,3296.48,0.951,,,,,,
,,,,,100.66,3298.35,0.953,,,,,,
,,,,,100.72,3300.59,0.918,,,,,,
,,,,,100.79,3303.21,0.929,,,,,,
,,,,,100.84,3305.08,0.952,,,,,,
,,,,,100.91,3307.69,0.964,,,,,,
,,,,,100.97,3309.93,0.971,,,,,,
,,,,,101.03,3312.18,0.937,,,,,,
,,,,,101.09,3314.42,0.933,,,,,,
,,,,,101.15,3316.66,0.94,,,,,,
,,,,,101.22,3319.27,0.961,,,,,,
,,,,,101.27,3321.14,0.94,,,,,,
,,,,,101.34,3323.76,0.917,,,,,,
,,,,,101.4,3326,0.919,,,,,,
,,,,,101.45,3327.87,0.908,,,,,,
,,,,,101.52,3330.48,0.928,,,,,,